<Configuration>
<Add OfficeClientEdition="32">
    <Product ID="ProplusRetail">
      <Language ID="ru-ru" />
      <ExcludeApp ID="Publisher" />
      <ExcludeApp ID="Groove" />
      <ExcludeApp ID="InfoPath" />
      <ExcludeApp ID="Lync" />
      <ExcludeApp ID="OneNote" />
      <ExcludeApp ID="Outlook" />
    </Product>
    <Product ID="ProjectProRetail">
      <Language ID="ru-ru" />
    </Product>
    <Product ID="VisioProRetail">
      <Language ID="ru-ru" />
    </Product>
</Add>
<Display Level="Full" AcceptEULA="TRUE" />
<Updates UpdatePath="http://officecdn.microsoft.com/pr/64256afe-f5d9-4f86-8936-8840a6a4f5be" />
</Configuration>
